-- --------------------------------------------------------
-- ホスト:                          127.0.0.1
-- サーバーのバージョン:                   8.0.31 - MySQL Community Server - GPL
-- サーバー OS:                      Linux
-- HeidiSQL バージョン:               12.1.0.6537
-- --------------------------------------------------------

/*!40101 SET @OLD_CHARACTER_SET_CLIENT=@@CHARACTER_SET_CLIENT */;
/*!40101 SET NAMES utf8 */;
/*!50503 SET NAMES utf8mb4 */;
/*!40103 SET @OLD_TIME_ZONE=@@TIME_ZONE */;
/*!40103 SET TIME_ZONE='+00:00' */;
/*!40014 SET @OLD_FOREIGN_KEY_CHECKS=@@FOREIGN_KEY_CHECKS, FOREIGN_KEY_CHECKS=0 */;
/*!40101 SET @OLD_SQL_MODE=@@SQL_MODE, SQL_MODE='NO_AUTO_VALUE_ON_ZERO' */;
/*!40111 SET @OLD_SQL_NOTES=@@SQL_NOTES, SQL_NOTES=0 */;


-- database のデータベース構造をダンプしています
CREATE DATABASE IF NOT EXISTS `database` /*!40100 DEFAULT CHARACTER SET utf8mb4 COLLATE utf8mb4_0900_ai_ci */ /*!80016 DEFAULT ENCRYPTION='N' */;
USE `database`;

--  テーブル database.scores の構造をダンプしています
CREATE TABLE IF NOT EXISTS `scores` (
  `id` int unsigned NOT NULL AUTO_INCREMENT,
  `student_id` int unsigned NOT NULL,
  `subject_id` int unsigned NOT NULL,
  `score` int NOT NULL,
  `created_at` timestamp NULL DEFAULT NULL,
  `updated_at` timestamp NULL DEFAULT NULL,
  PRIMARY KEY (`id`),
  KEY `scores_student_id_foreign` (`student_id`),
  KEY `scores_subject_id_foreign` (`subject_id`),
  CONSTRAINT `scores_student_id_foreign` FOREIGN KEY (`student_id`) REFERENCES `students` (`id`),
  CONSTRAINT `scores_subject_id_foreign` FOREIGN KEY (`subject_id`) REFERENCES `subjects` (`id`)
) ENGINE=InnoDB AUTO_INCREMENT=166 DEFAULT CHARSET=utf8mb4 COLLATE=utf8mb4_unicode_ci;

-- テーブル database.scores: ~165 rows (約) のデータをダンプしています
INSERT INTO `scores` (`id`, `student_id`, `subject_id`, `score`, `created_at`, `updated_at`) VALUES
	(1, 1, 1, 45, NULL, NULL),
	(2, 1, 2, 17, NULL, NULL),
	(3, 1, 3, 42, NULL, NULL),
	(4, 1, 4, 36, NULL, NULL),
	(5, 1, 5, 31, NULL, NULL),
	(6, 2, 1, 37, NULL, NULL),
	(7, 2, 2, 42, NULL, NULL),
	(8, 2, 3, 16, NULL, NULL),
	(9, 2, 4, 64, NULL, NULL),
	(10, 2, 5, 84, NULL, NULL),
	(11, 3, 1, 93, NULL, NULL),
	(12, 3, 2, 68, NULL, NULL),
	(13, 3, 3, 49, NULL, NULL),
	(14, 3, 4, 9, NULL, NULL),
	(15, 3, 5, 19, NULL, NULL),
	(16, 4, 1, 21, NULL, NULL),
	(17, 4, 2, 93, NULL, NULL),
	(18, 4, 3, 13, NULL, NULL),
	(19, 4, 4, 74, NULL, NULL),
	(20, 4, 5, 83, NULL, NULL),
	(21, 5, 1, 21, NULL, NULL),
	(22, 5, 2, 53, NULL, NULL),
	(23, 5, 3, 37, NULL, NULL),
	(24, 5, 4, 49, NULL, NULL),
	(25, 5, 5, 14, NULL, NULL),
	(26, 6, 1, 21, NULL, NULL),
	(27, 6, 2, 66, NULL, NULL),
	(28, 6, 3, 86, NULL, NULL),
	(29, 6, 4, 45, NULL, NULL),
	(30, 6, 5, 22, NULL, NULL),
	(31, 7, 1, 77, NULL, NULL),
	(32, 7, 2, 58, NULL, NULL),
	(33, 7, 3, 34, NULL, NULL),
	(34, 7, 4, 89, NULL, NULL),
	(35, 7, 5, 80, NULL, NULL),
	(36, 8, 1, 86, NULL, NULL),
	(37, 8, 2, 98, NULL, NULL),
	(38, 8, 3, 99, NULL, NULL),
	(39, 8, 4, 75, NULL, NULL),
	(40, 8, 5, 53, NULL, NULL),
	(41, 9, 1, 90, NULL, NULL),
	(42, 9, 2, 51, NULL, NULL),
	(43, 9, 3, 79, NULL, NULL),
	(44, 9, 4, 36, NULL, NULL),
	(45, 9, 5, 25, NULL, NULL),
	(46, 10, 1, 40, NULL, NULL),
	(47, 10, 2, 97, NULL, NULL),
	(48, 10, 3, 65, NULL, NULL),
	(49, 10, 4, 34, NULL, NULL),
	(50, 10, 5, 94, NULL, NULL),
	(51, 11, 1, 98, NULL, NULL),
	(52, 11, 2, 15, NULL, NULL),
	(53, 11, 3, 60, NULL, NULL),
	(54, 11, 4, 0, NULL, NULL),
	(55, 11, 5, 54, NULL, NULL),
	(56, 12, 1, 85, NULL, NULL),
	(57, 12, 2, 3, NULL, NULL),
	(58, 12, 3, 15, NULL, NULL),
	(59, 12, 4, 55, NULL, NULL),
	(60, 12, 5, 27, NULL, NULL),
	(61, 13, 1, 60, NULL, NULL),
	(62, 13, 2, 95, NULL, NULL),
	(63, 13, 3, 93, NULL, NULL),
	(64, 13, 4, 8, NULL, NULL),
	(65, 13, 5, 65, NULL, NULL),
	(66, 14, 1, 93, NULL, NULL),
	(67, 14, 2, 22, NULL, NULL),
	(68, 14, 3, 32, NULL, NULL),
	(69, 14, 4, 59, NULL, NULL),
	(70, 14, 5, 47, NULL, NULL),
	(71, 15, 1, 79, NULL, NULL),
	(72, 15, 2, 37, NULL, NULL),
	(73, 15, 3, 66, NULL, NULL),
	(74, 15, 4, 33, NULL, NULL),
	(75, 15, 5, 70, NULL, NULL),
	(76, 16, 1, 0, NULL, NULL),
	(77, 16, 2, 74, NULL, NULL),
	(78, 16, 3, 8, NULL, NULL),
	(79, 16, 4, 85, NULL, NULL),
	(80, 16, 5, 47, NULL, NULL),
	(81, 17, 1, 73, NULL, NULL),
	(82, 17, 2, 45, NULL, NULL),
	(83, 17, 3, 14, NULL, NULL),
	(84, 17, 4, 35, NULL, NULL),
	(85, 17, 5, 44, NULL, NULL),
	(86, 18, 1, 18, NULL, NULL),
	(87, 18, 2, 63, NULL, NULL),
	(88, 18, 3, 31, NULL, NULL),
	(89, 18, 4, 73, NULL, NULL),
	(90, 18, 5, 51, NULL, NULL),
	(91, 19, 1, 32, NULL, NULL),
	(92, 19, 2, 63, NULL, NULL),
	(93, 19, 3, 44, NULL, NULL),
	(94, 19, 4, 6, NULL, NULL),
	(95, 19, 5, 86, NULL, NULL),
	(96, 20, 1, 81, NULL, NULL),
	(97, 20, 2, 22, NULL, NULL),
	(98, 20, 3, 3, NULL, NULL),
	(99, 20, 4, 94, NULL, NULL),
	(100, 20, 5, 46, NULL, NULL),
	(101, 21, 1, 17, NULL, NULL),
	(102, 21, 2, 68, NULL, NULL),
	(103, 21, 3, 42, NULL, NULL),
	(104, 21, 4, 32, NULL, NULL),
	(105, 21, 5, 91, NULL, NULL),
	(106, 22, 1, 30, NULL, NULL),
	(107, 22, 2, 75, NULL, NULL),
	(108, 22, 3, 32, NULL, NULL),
	(109, 22, 4, 35, NULL, NULL),
	(110, 22, 5, 85, NULL, NULL),
	(111, 23, 1, 75, NULL, NULL),
	(112, 23, 2, 31, NULL, NULL),
	(113, 23, 3, 65, NULL, NULL),
	(114, 23, 4, 69, NULL, NULL),
	(115, 23, 5, 81, NULL, NULL),
	(116, 24, 1, 8, NULL, NULL),
	(117, 24, 2, 65, NULL, NULL),
	(118, 24, 3, 7, NULL, NULL),
	(119, 24, 4, 11, NULL, NULL),
	(120, 24, 5, 86, NULL, NULL),
	(121, 25, 1, 17, NULL, NULL),
	(122, 25, 2, 96, NULL, NULL),
	(123, 25, 3, 71, NULL, NULL),
	(124, 25, 4, 51, NULL, NULL),
	(125, 25, 5, 77, NULL, NULL),
	(126, 26, 1, 97, NULL, NULL),
	(127, 26, 2, 85, NULL, NULL),
	(128, 26, 3, 98, NULL, NULL),
	(129, 26, 4, 21, NULL, NULL),
	(130, 26, 5, 93, NULL, NULL),
	(131, 27, 1, 16, NULL, NULL),
	(132, 27, 2, 81, NULL, NULL),
	(133, 27, 3, 77, NULL, NULL),
	(134, 27, 4, 79, NULL, NULL),
	(135, 27, 5, 42, NULL, NULL),
	(136, 28, 1, 95, NULL, NULL),
	(137, 28, 2, 82, NULL, NULL),
	(138, 28, 3, 93, NULL, NULL),
	(139, 28, 4, 56, NULL, NULL),
	(140, 28, 5, 35, NULL, NULL),
	(141, 29, 1, 35, NULL, NULL),
	(142, 29, 2, 72, NULL, NULL),
	(143, 29, 3, 77, NULL, NULL),
	(144, 29, 4, 30, NULL, NULL),
	(145, 29, 5, 23, NULL, NULL),
	(146, 30, 1, 22, NULL, NULL),
	(147, 30, 2, 30, NULL, NULL),
	(148, 30, 3, 80, NULL, NULL),
	(149, 30, 4, 48, NULL, NULL),
	(150, 30, 5, 48, NULL, NULL),
	(151, 31, 1, 26, NULL, NULL),
	(152, 31, 2, 81, NULL, NULL),
	(153, 31, 3, 79, NULL, NULL),
	(154, 31, 4, 75, NULL, NULL),
	(155, 31, 5, 4, NULL, NULL),
	(156, 32, 1, 15, NULL, NULL),
	(157, 32, 2, 20, NULL, NULL),
	(158, 32, 3, 11, NULL, NULL),
	(159, 32, 4, 35, NULL, NULL),
	(160, 32, 5, 71, NULL, NULL),
	(161, 33, 1, 64, NULL, NULL),
	(162, 33, 2, 38, NULL, NULL),
	(163, 33, 3, 8, NULL, NULL),
	(164, 33, 4, 56, NULL, NULL),
	(165, 33, 5, 8, NULL, NULL);

--  テーブル database.students の構造をダンプしています
CREATE TABLE IF NOT EXISTS `students` (
  `id` int unsigned NOT NULL AUTO_INCREMENT,
  `grade` int NOT NULL COMMENT '学年',
  `name` varchar(30) COLLATE utf8mb4_unicode_ci NOT NULL,
  `gender` int NOT NULL COMMENT '0:女性, 1:男性',
  `created_at` timestamp NULL DEFAULT NULL,
  `updated_at` timestamp NULL DEFAULT NULL,
  PRIMARY KEY (`id`)
) ENGINE=InnoDB AUTO_INCREMENT=34 DEFAULT CHARSET=utf8mb4 COLLATE=utf8mb4_unicode_ci;

-- テーブル database.students: ~33 rows (約) のデータをダンプしています
INSERT INTO `students` (`id`, `grade`, `name`, `gender`, `created_at`, `updated_at`) VALUES
	(1, 1, '田中', 0, NULL, NULL),
	(2, 1, '佐藤', 0, NULL, NULL),
	(3, 1, '中村', 0, NULL, NULL),
	(4, 1, '村田', 0, NULL, NULL),
	(5, 1, '林田', 1, NULL, NULL),
	(6, 1, '田村', 1, NULL, NULL),
	(7, 1, '茂内', 1, NULL, NULL),
	(8, 1, '横田', 1, NULL, NULL),
	(9, 1, '星野', 0, NULL, NULL),
	(10, 1, '田中', 0, NULL, NULL),
	(11, 1, '横沢', 0, NULL, NULL),
	(12, 1, '佐藤', 0, NULL, NULL),
	(13, 2, '峯田', 1, NULL, NULL),
	(14, 2, '高山', 1, NULL, NULL),
	(15, 2, '杉田', 1, NULL, NULL),
	(16, 2, '森', 1, NULL, NULL),
	(17, 2, '三谷', 0, NULL, NULL),
	(18, 2, '田中', 0, NULL, NULL),
	(19, 2, '石井', 0, NULL, NULL),
	(20, 2, '川淵', 0, NULL, NULL),
	(21, 2, '五十嵐', 1, NULL, NULL),
	(22, 2, '宗田', 1, NULL, NULL),
	(23, 2, '日数谷', 1, NULL, NULL),
	(24, 2, '雪竹', 1, NULL, NULL),
	(25, 3, '真田', 0, NULL, NULL),
	(26, 3, '伊達', 0, NULL, NULL),
	(27, 3, '豊臣', 0, NULL, NULL),
	(28, 3, '徳川', 0, NULL, NULL),
	(29, 3, '毛利', 1, NULL, NULL),
	(30, 3, '上杉', 1, NULL, NULL),
	(31, 3, '武田', 1, NULL, NULL),
	(32, 3, '服部', 1, NULL, NULL),
	(33, 3, '北条', 0, NULL, NULL);

--  テーブル database.subjects の構造をダンプしています
CREATE TABLE IF NOT EXISTS `subjects` (
  `id` int unsigned NOT NULL AUTO_INCREMENT,
  `title` varchar(30) COLLATE utf8mb4_unicode_ci NOT NULL,
  `category` int NOT NULL COMMENT '1:文系,2:理系',
  `created_at` timestamp NULL DEFAULT NULL,
  `updated_at` timestamp NULL DEFAULT NULL,
  PRIMARY KEY (`id`)
) ENGINE=InnoDB AUTO_INCREMENT=6 DEFAULT CHARSET=utf8mb4 COLLATE=utf8mb4_unicode_ci;

-- テーブル database.subjects: ~5 rows (約) のデータをダンプしています
INSERT INTO `subjects` (`id`, `title`, `category`, `created_at`, `updated_at`) VALUES
	(1, '国語', 1, NULL, NULL),
	(2, '英語', 1, NULL, NULL),
	(3, '数学', 2, NULL, NULL),
	(4, '理科', 2, NULL, NULL),
	(5, '社会', 1, NULL, NULL);

/*!40103 SET TIME_ZONE=IFNULL(@OLD_TIME_ZONE, 'system') */;
/*!40101 SET SQL_MODE=IFNULL(@OLD_SQL_MODE, '') */;
/*!40014 SET FOREIGN_KEY_CHECKS=IFNULL(@OLD_FOREIGN_KEY_CHECKS, 1) */;
/*!40101 SET CHARACTER_SET_CLIENT=@OLD_CHARACTER_SET_CLIENT */;
/*!40111 SET SQL_NOTES=IFNULL(@OLD_SQL_NOTES, 1) */;
